"Year","Lmean"
2014,29.4623435874776
2015,30.8440011061774
2016,32.1177712908198
2017,31.8567276997553
2018,31.3924804654973
2019,32.9820398511275
2020,30.1275978018222
